{"stats":{"minecraft:picked_up":{"minecraft:oak_log":6,"minecraft:oak_sapling":1},"minecraft:mined":{"minecraft:oak_log":6,"minecraft:oak_leaves":3},"minecraft:dropped":{"minecraft:oak_sapling":1},"minecraft:crafted":{"minecraft:oak_planks":24},"minecraft:custom":{"minecraft:jump":12,"minecraft:time_since_rest":2470,"minecraft:sprint_one_cm":355,"minecraft:play_time":2470,"minecraft:time_since_death":2470,"minecraft:walk_one_cm":1845,"minecraft:total_world_time":2470,"minecraft:drop":1,"minecraft:fall_one_cm":267,"minecraft:fly_one_cm":238}},"DataVersion":3465}