{"stats":{"minecraft:picked_up":{"slashblade:proudsoul_tiny":1,"minecraft:wheat":29,"minecraft:oak_log":19,"minecraft:gunpowder":1,"minecraft:dirt":15,"minecraft:arrow":2,"minecraft:bone":4,"minecraft:beetroot_seeds":2,"minecraft:wheat_seeds":77,"minecraft:peony":5,"irons_spellbooks:arcane_essence":3,"minecraft:oak_sapling":2,"minecraft:birch_sapling":1,"minecraft:oak_planks":1,"minecraft:cobblestone":12},"minecraft:killed":{"minecraft:skeleton":3,"minecraft:spider":2,"irons_spellbooks:necromancer":1,"minecraft:creeper":1},"minecraft:mined":{"minecraft:wheat":29,"minecraft:grass_block":3,"minecraft:oak_log":19,"minecraft:beetroots":2,"minecraft:dirt":7,"minecraft:stone":12,"minecraft:oak_leaves":7},"minecraft:broken":{"slashblade:slashblade_wood":1},"minecraft:used":{"minecraft:wheat_seeds":4,"minecraft:birch_sapling":1,"minecraft:wooden_pickaxe":12,"minecraft:stone_axe":11,"minecraft:dirt":10,"minecraft:crafting_table":2,"slashblade:slashblade_wood":85},"minecraft:dropped":{"minecraft:dirt":5,"minecraft:wheat_seeds":71,"minecraft:peony":5,"minecraft:oak_sapling":2,"minecraft:oak_planks":2,"minecraft:wooden_pickaxe":1,"minecraft:stick":1},"minecraft:crafted":{"minecraft:wooden_sword":3,"minecraft:oak_planks":52,"minecraft:crafting_table":1,"minecraft:stick":8,"minecraft:wooden_pickaxe":1,"slashblade:slashblade_wood":3},"minecraft:custom":{"minecraft:time_since_rest":14470,"minecraft:sprint_one_cm":54710,"minecraft:damage_taken":100,"minecraft:walk_one_cm":31178,"minecraft:mob_kills":7,"minecraft:drop":73,"minecraft:damage_dealt":1569,"minecraft:interact_with_crafting_table":6,"minecraft:fly_one_cm":12748,"minecraft:play_time":14470,"minecraft:sneak_time":22,"minecraft:jump":98,"minecraft:time_since_death":14470,"minecraft:total_world_time":14470,"minecraft:fall_one_cm":2100}},"DataVersion":3465}