{"stats":{"minecraft:picked_up":{"minecraft:scaffolding":3,"minecraft:lilac":6,"minecraft:stick":1,"minecraft:wheat":7,"minecraft:rotten_flesh":2,"minecraft:peony":11,"minecraft:wheat_seeds":14,"minecraft:wooden_pickaxe":1,"minecraft:oak_log":3,"minecraft:gunpowder":1,"minecraft:oak_sapling":1,"minecraft:oak_planks":1},"minecraft:killed":{"minecraft:zombie":2,"minecraft:creeper":1},"minecraft:mined":{"minecraft:oak_log":3,"minecraft:oak_leaves":1},"minecraft:used":{"slashblade:slashblade_wood":26},"minecraft:dropped":{"minecraft:wheat_seeds":1,"minecraft:wooden_pickaxe":1,"minecraft:lilac":6,"minecraft:peony":11,"minecraft:wheat":3},"minecraft:custom":{"minecraft:open_chest":1,"minecraft:time_since_rest":16432,"minecraft:crouch_one_cm":220,"minecraft:play_time":16432,"minecraft:sprint_one_cm":43332,"minecraft:damage_taken":38,"minecraft:walk_one_cm":27680,"minecraft:bell_ring":1,"minecraft:sneak_time":32,"minecraft:mob_kills":3,"minecraft:drop":22,"minecraft:jump":168,"minecraft:damage_dealt":539,"minecraft:time_since_death":16432,"minecraft:total_world_time":16432,"minecraft:interact_with_crafting_table":3,"minecraft:fall_one_cm":21182,"minecraft:fly_one_cm":46066}},"DataVersion":3465}